Algorithm,Profile,Avg RTT,95th RTT
bbr,low_latency,87.6415,135.77100000000002
vivace,low_latency,94.19800000000002,146.47050000000002
vegas,low_latency,86.11416666666665,135.85399999999998
bbr,high_latency,90.66216666666669,135.3055
vivace,high_latency,93.62966666666667,139.24699999999999
vegas,high_latency,90.69983333333333,146.9215
