Algorithm,Profile,Avg RTT,95th RTT
bbr,low_latency,85.99633333333334,141.07349999999997
vivace,low_latency,90.2155,145.155
vegas,low_latency,86.23116666666667,141.1935
bbr,high_latency,85.14450000000001,141.38449999999997
vivace,high_latency,86.38116666666666,145.92600000000002
vegas,high_latency,84.98700000000001,139.2745
